喂，你好。你好，就是我送包那个。什么？你现在到哪里了？我现在就跟上面导航走的。啊？我说你上面导航，我跟着上面导航走的是吧？按导航走的，就是这个电话号码，你等下打应该打得通。就这个？对，就这个号码。对，你等下就按这个号码打。我等下打你电话就行了是吧？对。行，行，我到时候给你打个电话。好，拜拜。	1
喂。喂，你好，您在哪呢？马上到中心医院门口，您在哪？我就在中心院里边，您在哪，那个口？我也不知道，他这是到卸货去，我到正门口行吗？您往前走走，我不知道你在哪，你看你等会到了地方，你给我打电话，你跟我说在哪，我去找你。咱们正门见，我就在联合桥，马上就到了，正门。行吗？行，正门啊？恩。正门东西那么多，我也搬不进来。也应该差不多。你开什么车。我骑个电动。你电动你往里边走走就行。我知道，关键是我不知道往哪走，你在你过来，你到地方你跟我说，你跟我说，我去接你去。我就到了，您过来吗？正门对吧？哪个门，正门是上面写的什么？是寒湿方，还是写的中心医院大厅。稍等一下，我在这桥下边还看不见那。你在桥下面，您上来，你不能在桥下，你在桥下面，我去哪？对，我肯定上去，我这骑着，就是说应该是这叫西这叫哪个门？这叫？东西南北，西南门。是地铁站的吗？不是，我上来我看一眼我就知道。京东进院饭店写的是，那个门。行，我知道，你知道在哪了。好嘞。我用得着进去吗？用得着进去吗？还是从外边走？你不用进，你得从那胡同，你不是在中心医院那口上的，要去进那胡同，进那个胡同。胡同？这是我在这是往北走了。 东西南北我也分不清了，等我先出个大门， 我出这个门，我给你看你在哪。行， 你稍等，我这往北走了， 好，看您了。 	1
1、喂，你好，2、喂您好我是闪送，1、啊，我下去，你到了么，2、我到了，我现在在一楼放餐区的架子这，1、诶，行，谢谢啊，那个不用运费是吧，2、不用，1、诶，好嘞谢谢，再见，2、行，您下来，我等一下，1、诶诶诶，好嘞	0
喂。喂，你好，我这边闪送，想问一下你那个地址是通州检小学那会是吧？哪？看上写的是什么通州检小学附近工地。对，通州检小学向西走50米，路南边有一个铁门。行，好勒。好。再见。	1
喂。喂，你好，闪送，送油漆的。送油漆的，你是不是秀水街那里？对，你在哪？我没在，我给打电话让他过去取一下。 我在东门等着好不好？你去北门。北门，行。北门，你开车了吗？我骑着摩托车，我在北门路边等着。北门的门口。门口。店门口北门。我查不了两步，你把收件密码你顺便告诉他。对，不是说差不两步，我给确定好位置， 我要让他去找你，对不对？ 我抱着油漆他们不认识？那那知道。油漆他不认识？行，我在北门。 	1
喂。喂，你好，大哥，我这边闪送员给你送物品的，你这个是月季园一进铁门，完了就写的一号楼，一号楼这个是这个吗？哪儿？月季园从铁门进来，大门进来他就有一号楼16层。16层几单元？啊？我看他这好像分单元的，这个楼，不是这号楼，不是这个一号。他没有带上门，他直接就是一个门。直接就一个门。北门进去你知道吗？他北门通车的那个门，然后一进去之后， 然后左手边不就有个一号楼吗？对，我现在就在这楼下， 我看这楼挺大，他们从哪边进？里边吗？啊？我说我就在这楼下，这楼在哪个？我现在还没到这一块。F，我不认识，大哥谢谢您，你什么时候能到？我还得一个多小时。这个物品放哪？你送的是啥送的是瓷砖。啊？瓷砖。你要不就去到16层，16层然后他然后16层他有个楼梯口，你知道吗？我下边有个边上有个大洞，昨天打的洞，你一上去那边就有个门，新换的门，你就放到门口就行。 你把收件码给我呗大哥。我看一下，你稍等一下。好的。好的，530566。等一下，我记一下子，大哥。530556，好。好，行，行。再见大哥。	1
1、喂您好，2、喂您好我是闪送，我那个我大概还有15分钟到海淀大院右区，1、可以，啊，在家呢，您送过来吧，好吧，2、几号楼啊 我还没仔细看几号楼，1、6号楼，一进门这楼，6号楼12A，诶，好吧，2、行，谢谢，1、诶诶，好	1
1喂，你好。喂，您好，闪送，然后您具体地址在哪？我现在在东天阳你知道吗？我还没到，我正往那边走，我知道东天阳村。对，东天阳村，然后正好在顶西边这边，有一个黄房子这边，就挨着东阳西口这边，您知道吗？ 有个电线杆这边，你知道吗？东田阳您边上有什么？我能直接导航过去吗？边上的话它要不这样，我加一个微信，你发一个位置行吗？行。稍等一下，您说。13811。13811是吧？151160。1381195。60。60是吧？对。160，13811951160是吧？对。你怎么称呼？您姓什么？高。行，好了，我现在加你发一个位置好吗？你快到了之后我就出去好吗？好的。好，再见。	1
喂。喂，你好，我刚拿的货，20分钟左右，是这上衣大小当面了，还是那个位置是吧？我以前给你送过，好像我记得。赶紧的。过去了。	1
喂，你好。喂，你几点能到阳光都市？马上到，再有个几分钟就到。几分钟，好。	0
喂，您好。我是你接件的，给我送件的，你现在已经出来了吗？对，怎么啦？多长时间能到。估计得一小时左右。一个小时左右是吧？对，是的。行，你完了以后到北四环居然之家那什么，停车场坐路边你给我打电话，直接我这告诉你怎么过来了，好吧？好了，行。那个东西别摔了。好的。好，谢谢。好了，没事。	1
你好。喂，你好，我是闪送员，东西到了现在，我现在在大门口，两边全是你这么快到了，您得稍等一下，因为我以为您还有半小时才能到，行，您稍等我一下。好的，没事，我从门口等你。你是在东门吗？对，有两个戴帽子的。不是，那个门不是特别大的门，是西翠路上的。对，西翠路上面。对，因为有两个门，就怕咱搞错了，好勒，先这样，你等我一下，好，谢谢。 	1
1、喂，2、喂您好，我那个闪送，我现在到这个高级洛化分厂这了，这好像修路呢，1、对，2、哦哦，您在什么位置，1、你送的啥啊，2、配件吧，两个，我也不知道什么配件，1、东西大么，2、大，挺重的，1、哦哦，那我出去一趟，2、我大概，这不是有两个大白罐子么，立在这，我在这口这呢，我看，你看我怎么走，1、你直着走到头，2、哦，这不是有个岔路口么，不往那边拐，直着往前走是么，1、直走，一直走到柏油路，完了右边有个，进来就是了，2、嗯嗯，行	1
喂，喂，你好。喂，你好，闪送，我到咱公司南边这大铁门这儿的，这锁着门，你能出来取件吗？不行，我还没到，你这么着，你从停车场绕一下，绕进去，然后就帮我放到前台。行，您把密码是给我是给前台啊？我给您发过去，发到别克销售前台。别克销售前台？对，从停车场绕一下就行。行，行，好，西边有门吗？西边？有没有西南门，能进去的？能进去的就是大铁门，再往前走有个50米停车场。你说南门大铁门再往西走是吧？不是往西门，就是往老张一村那边走。行。行，好。	1
喂。您好，闪送，然后您是就一进村口，然后左手边有个盘肉那个店吗？对面是吧？就对面你看装修那屋里头，他们安灯那屋，你知道吗？你看到了吗？我马上了，因为现在到亚视这块了，然后马上就到那了，估计七八分钟到您那，我确定下位置。行。对，好的。	1
喂。你好，我闪送的，你那个地址就是望京路3号院是吗？对，您到楼下，您到了我下楼，我去正好出去。行了，好了。	1
你好。你好，我是闪送，有一个你的器材，现在在大厅里边。您跟服务员说一下，三层301。 三层301，他让上吗？ 哥。让上，你跟他说一声就行，你说郭丽他就。301。	1
1、喂，2、喂您好，啊，您这个衣服，我现在在酒店南门，你在哪，1、什么，2、是您的衣服吧，1、对对，您放在柜台吧，就放在酒店的前台，礼宾部的，2、放到前台，礼宾部的，是吧，1、嗯，2、然后，然后我有人收么，没有人？1、给礼宾部，2、啊，1、就给礼宾部就放到前台，2、就放到前台您贵姓呢，我到时候给人说什么啊，1、您给他们他们都会给我收的，因为我就住里边，住在酒店，2、昂，我知道，就是你叫什么，人家收，人家不知道给谁收，收的是谁的是吧，1、您没有我名字么，2、那行，那您稍等，那您把验证码发给我，验证码，1、行，2、行么，1、行	1
喂，你好。喂，您好，我闪送，我们确认一下你收件地址，你是在红会园8号楼。对。我大概在50分钟到一个小时到，我到了给你联系。好的，谢谢，辛苦你。	1
1、喂你好，2、喂您好我闪送的，我导航导到这北新桥派出所这就说到您这了，但我没看到什么会所啊 1、没有，那个东内大街6—2您导一下收拾才艺他自己就能过来，2、行，我按这官方导，大概离你那多远，派出所离你那，1、北新桥派出所啊，2、嗯，1、北新桥派出所啊，你那附近都有啥啊，2、我这附近都是居民区，挺高楼1、你导一下收拾才艺养生会所，就过来了2、好好好，好嘞	0
喂。喂，你好，咱们是建国门，建国门外外交公寓是吗？那个一共三个门，一号、二号、三号，到几号门都行，到了之后跟我说一声，我随时下去。好了，行。好，再见，慢点。好。 	1
咱们是22号院的北门对吗？小北门。原后总装部是吧？对。您好，我在北门的西侧，你过来取一下您的快递，闪送。北门，您是在一个很大的北门吗？对，您再往西边走一点，有一小门。再往西走，有个小门是吗？对，往西看，您能看一白楼吗？行，行，你在门口，等一下我就骑电动车过来，咱服刑路也不让骑电动车，我也害怕有点。理论上应该没太大问题。行，行，我逆行，我这马上过去好了，你下班回来等一下好吧？好的，谢谢。好，没事。	1
1、喂您好，2、喂您好闪送，我在这个南门信息栓这个门口，拿一下你这个吃的吧，又而装过里的，1、转过来转过来，我在酒店后门，进酒店的正门转过来，2、从哪个西边是吧，1、对，南明右边，我在前台等你，2、好嘞	1
可以了是吧？这不是，你那个要有什么？不用有东西，我就是让你去看看，然后我给你收货码就行。还得有一个收件码。对，你发过来，我马上给你发回去，然后你教他怎么打电话，因为我家里一个老人，我联系不上。行，行。从昨天晚上电话也关机了，监控也关了，啥也联系不上。行，行。好了，你跟他说了怎么打，然后第一个号码。 	0
你好，我是你的闪送专员，就是你的电子的，反正我已经给你取好了，我现在就给您送过来，我按你的导航过来，就是说希望你电话保持畅通。好，我等你。我到了再给您打电话的，好，再见。 	0
你好，闪送。喂。你好，闪送，你的物品大约一个小时左右送到，请您稍等。好的，知道了。 	0
喂，你好。：您好先生，我现在在就是说叫慢行酒店和四季民福烤鸭店这门前，你到时候看一下他的地址，导航定位地址是王府井地下停车场是吧？对。：我说前面不是现场后要进吗？我拿着这东西。您是怎么来的？开车还是骑电动车？ 骑电动车。骑电动车，您在应该是西门。这西门下来，能下来，让走吗？就是那一个第六季旁边。啊？第六季旁边。：走到西边的红绿灯是吧？靠的不是西北红吗？红灯再右拐是吧？对。右拐往前走点，电动车可以骑到地下室吗？不可能。不用在地下室，你在上面等就行，我下去接你去。行，行。我就往前面红绿灯那，再往西走，红灯右拐往前走。对。好，行，再见。 	1
喂。你好，闪送，这一个快件大概一个半小时左右送到，你地址是国家体育场一号们对吧？国家体育场？这上面写的是国家体育场一号门。不是。那你说你的具体地址在哪？不是，闪送，谁给咱们送东西？你有对方电话吗？对方电话，对方是叫赵静。叫赵什么？赵军。赵军。我看好像是什么出入出入那个证什么的。你稍等一下，我先打一个电话确认一下，五分钟左右给您回话，好吧？上面写的施工人员是什么的？施工人员，您等一下。好，行。 	1
1、喂，2、喂您好闪送，1、昂，2、到门口了，1、嗯来了，用给你码么，2、嗯短信里面有一个，1、哦哦	0
1、喂你好2喂你好我闪送我到这十六中心这块有个中信建设证券，1、什么中信建设你进十六中心那个南门南边2、南门是吧，1、对，2、我在这个西北边这边，1、我在上边呢，让你来南门，你非要我去西北边我根本不知道西北边在哪，2、不是，我是说我在这边，不是让您过来，1、我不是说让你来南边嘛，2、您这上边没说去北边，只是到这块，1、那到这块你给他送回去吧，2、您稍等一下，我上南门是吧，1、嗯，2、嗯行	1
喂。喂，你好，我是闪送员。我给你确认一下地址，朝阳区凯旋城B座三单元1003，萧峰是吧？对对对。好。您大概什么时候能到？应该我骑摩托车应该快。行，那你到了给我说一声。好勒。好，再见。	1
喂，我闪送。你在哪呢？我到东门，东门这了，就是少年宫来了。少年宫那红绿灯你我知道我看错了，马上到。我告诉你。 	1
1、喂您好，您说，2、喂，您好我闪送的，给您送到209是么，1、哦，不，你进来了么，从庄园进来了么，2、在客房这，1、哦，客房，已经到客房了，我就在你旁边呢，就在你旁边，客房209，你出来，你出来，我在客房外边呢，2、昂，行	1
1、喂，2、喂，1、喂闪送是吧，2、对，1、到哪了，还有多久到啊，2、这就到了，1、啊，2、4公里就到了，1、还有4公里啊，2、对，1、啊，行行，好吧好吧，2、到了给你打电话，	0
喂你好，我是闪送，我在你那个北四环东路区3号吧，不是，这73是什么意思？富成花园89号，富成花园8989号是吧对几号楼啊？我，俱乐部就在马路边上，是吧，还是在小区里面对，俱乐部，你直接进去就行，你，你是哪儿，哪儿过来的闪送？我，他那个，我从T2机场哦，好，我知道了他可能是刚下飞机，感觉应该是好行，我这就往您那儿走，我这确认下地址，好，再见额，件儿大不大？喂？件儿大不大？不大，小件儿好额，两个手掌两个手掌大吧好，行，好，再见好，再见	1
1、喂您好，2、喂您好闪送，1、您现在到哪了，2、我在那个中心馆门口呢，1、这呢，2、哦哦	1
1、喂您好，2、喂您好我闪送的是傅先生是么，1、诶，我是，2、我现在到这个酒店门口了，1、哦，行那我现在下来，你在大堂那是吧，2、诶，对对对，大门口这，1、诶，行行行，我走出来您稍等哈我现在下来，2、诶好嘞待会见	1
喂，你好，你好，我闪送，我给你送钥匙过去。然后刚才看高德地图，只能搜到三家店，你方便我加上微信，你给我发个准确位置。三家店也行。我刚刚开高德，因为一开高德就只能到三家店了。三家店也行。到三家店离你那不远了是吧？对，你看一会你到哪了，你跟我说，我找你。行了，那我找找。你多久？五十多公里，我尽快，怎么得一个半小时左右，应该那样。一个半小时。一个半，9点半？我看看，我再给你回个电话。行。	1
喂。你好。您好，我是您的闪送专员郑方圆，您是在颐和山庄双徽园小区11号楼一单元112房是吧？对。112是几楼？一层，11号楼一层一门一单元。好的，您的东西我已经拿到，现在给你送，估计在一个小时左右到您，您稍等。好的。再见。再见。	1
1、喂你好，2、喂你好，我这边闪送，1、哦哦，你现在在哪里，2、我在村委会这，1、你在村委会你是骑在车上的是吧，2、对，1、你就直接给我你能不能送到我这边就是你是从哪条路过来的，2、我现在就在村委会这条路上，您跟我说北走还是往南走，大概多远，1、村委会哪里是往北，往哪里？往东边东边走，就是你看着右手边有个三层小楼，楼下是个理发店，你往哪个巷子进来，估计有个50米，我就在这个门口等你，行吧，2、往东走啊，1、对，就是往小桥那边走，不过小桥，你看这边估计村委会就一个路口，村委会不就在那个路口么，就路口进来有个三层小楼，2、往东走，三层小楼，旁边有一巷子，是吧，1、对对对，三层小楼下面是个理发店，另外一边是卖早点的，从哪个巷子进来就可以了，2、行，您出来吧，我到了，1、行行行，我马上出来，2、好	1
喂。喂，你好，我是闪送的，你要的工具把我拿到南门这里了。不在南门，你在哪里？是在第四路还是？在东北路是在第四楼。 什么地方？东北路。不知道，你给我发短信，具体门牌号你给我发短信，上面就是东方普罗旺斯，不是南门，是别的门。你现在在哪里？ 我在东方普罗望斯南们这里。你往回走，往回走，大概走到扬州小新村对面有个十字新路，从松柏路进来向里面500米。你给我发短信上面，具体地址发短信上面，我导航一下，我不跟着导航，我没办法走好吧？好。	1
喂。喂，你好，闪送员。你在哪？现在我进门了，是不是在平安居园建材嘉宾院里。对，你在哪个门。现在这北门，北边的门。 北门，你往西边这边来了，往西头来。院里头要进啊？要进到里头， 你现在不是在北门北京平安金源黄玉玲那个地方。 北边的门，大西门。你进来，往西边这边来， 我看见你了。2 ：往西边，靠边再往西边去？你给我这三个楼中间，三个楼中间往西走，往进来。两楼中间通道往西走，是吧？对。那知道了，好的。	1
2、喂，1、喂，2、您好我是闪送的，1、到大门口了是吧，2、我现在在皮肤科门诊分诊台这，1，嗯，行，2，诶，好	1
喂，你好。你好，我闪送。已经到了是吗？对，您是张公庄甲5号楼是吧？对，张公庄小区，你在门口，我看到你了，是你在门口吗？对，是的。好勒，您稍等。	1
你好，我是闪送U费，20多分钟就到。好不好？到其他门口好吧？好了，到时候给你打电话。好，谢谢。	0
你好。你好，闪送。您到了吗？到了。我看看。好的。 	0
喂。你好，你是夏家园9号楼是吧？对，夏家园9号楼一单元103。好，好。	1
喂，你好。喂，您好，我闪送，我现在到这边了，您在哪？您把东西放前台行吗？我把那个码给您。西山温泉的前台？对。好，我马上到那验证码是940538。你稍等一下，940538。对。我就把这个东西放到前台就完事了。对。好嘞。你跟他说下崔先生能行。孙先生？崔。我知道了，崔先生。谢谢。没事，好，再见。	1
喂。喂，你好，闪送。闪送，闪送，闪送，送的是啥？化妆品啊？我不知道是什么东西，东南历史送过来的。在哪？东南历史，回龙观那边，西三旗那边。你在哪呢？我现在导航我导到这个定位的， 你们就是市场最北边这趟道进来的， 有个什么海拨火字这个大门那。 你去建材市场，我一听东北老乡，你去建材市场， 我一会马上就过去，我现在在家，我开车十几分钟就过去了。得十多分钟才能过来。对， 他给我打得太早了，我们一会我就过去了。我就上立汤路建材市场大门那等你就行了，是吧？市场大门进里边去洁具厅， 从西数第三门在那等我就行了。 好嘞。谢谢，拜拜。	1
1、喂，2、喂，1、昂，2、闪送，1、闪送啊你来11号馆9号门，2、啊，1、11号馆9号门，2、9号门，1、龙展馆11号馆9号门，2、诶，9号门，好好，我找一下	0
你好，我闪送，我现在到了大红门，大红门南里，你跟苗圃东里不一个地方吗？苗圃东里是苗圃东里，南里不对。导航定位不准，他定位我这到大红门南里这来了，2号楼。他不是写的是6号楼吗？苗圃东里6号楼吗？这个应该是很准。你导航苗圃东里6号楼很准，我们平常订外卖什么之类的都能直接找到。我按那导航走的，骑着走的，但是现在停了，我您离大红门南里近吗？挨着吗？南里，你在南边，你还得往北走，往北走，这不是有什么嘛，我给你看一下，这不都在修路知道吧？修路。你看见这边修路了吗？其实就是在哪，在大红门南的地铁口，大红门南的地铁口，然后你往北一看，就有一栋楼。 我也不知道怎么跟你说，你手机里有没有腾讯或者别的导航？就是高德导航，高德导航平时挺准的，其他的倒别的地方挺准的。但是我平常送的这些外卖什么之类的都能直接送到，我这个地址，而且闪送，他可以往这闪送，这也不是一回了，经常往这闪送这种东西。还是你那高德可能有问题，平常他们用的应该都是腾讯发的。行，我再打一下试一试。你再导一下苗圃东里6号楼。好了，好，我找一下。我告诉你，他这个门就是一个大铁门，从一个大铁门进来，里边停的乱七八糟，都是车，就这一个出入口。 那边楼多吗？就那一个，他有好几栋楼在一起？对，他是四个楼在一起，正好一个单元。行，我看一下，我找一下好。你找一下，好的。	1
喂。喂，你好，我到三楼了。您稍等。 	0
喂。喂，你好，我闪送，我现在到东门了，您在什么位置？东门这铁皮围墙上来，第二个玻璃门，铁皮围墙这有个小坡上的第二个玻璃门。好的，我现在就在这门口，那是二楼是吧？一楼。行，行，我到了。	1
喂。喂，你好，我闪送，我到楼下了，我给你打电话。不好意思，我开不了，您得稍等一下，什么时候开您进来就行。行，行，好，先挂了。 	0
1、喂，2、喂您好，您这闪送到了，到803门口，1、哪？2、闪送，1、什么？2、您闪送到了，1、闪送什么东西，2、啊，1、什么东西，2、不知道，应该是个板条吧，我不知这是啥东西，1、什么，2、我不知道是什么东西，一个阿妹下的单，1、什么，2、啊，喂，能听到么，1、喂，2、喂，1、喂，喂喂喂喂喂，2、昂，能听到，现在能听到，1、闪送什么啊，2、昂，是一个，一米六的一个东西长的，1、啊，2、嗯是一个一个像板条似的一个东西，一米六的，喂，1、嗯，地址是什么地址，2、啊，1、地址是什么地址，2、地址是南区，南区二号楼4单元803，1、我不知道啊，2、你是业主，那是你下的单吧，1、什么，2、是不是你下的单啊，1、什么东西，2、我看一下是谁下的单哈，是万鑫下的单，喂？1、我不知道，什么东西啊，2、我也不知道是什么东西，1、谁下的单我都不知道，2、那我打电话问一下	1
喂，你好。你好，我是您的闪送专员，现在西门你方便过来吗？我得上北门怎么着？对，您可能得上北门，西门就太远了。往北门是吧。北门就不远，您就前面拐个弯就到了。行，好了。拜拜。 	1
喂，你好。喂，你好，我是闪送，您这有快件。我问一下你的地址是多少？他那上没写吗？就是杨庄南路有一个长城国际楼。长城国际。不是寂静城吗？他俩是一个小区，只不过大肠的南北向那个楼叫长城国际，是一个小区，没错。长城国际里边多少楼。第十单元。第十单元？ 对。第十单元。就一个楼特别长。楼叫啥名吗？那楼就叫长城国际，要不然您周围找一个人问一下就知道了，然后还有一个第十单元。长城国际是吧？对。我看着，我看着。这楼就靠南边第十单元，靠南边。有个门洞那个。对。我看着了。第十单元，我说怎么整？没写哪号楼，这第十单元。对，第十单元，然后是15层，14号1514好，我知道，长城国际。好。	1
喂。喂，您好，闪送。你到哪了？我这一单元楼下，然后你这个门禁不好使是吧？对，门禁是坏的，你稍等，我下来。好的。拜拜。 	1
1、喂，您好2、喂您好俺闪送五号楼么，1、对对对606，出电梯之后应该是左手边，2、直接按606,1、对，听见声了	0
喂，你好，我闪送，你确定一下你收件地址，你是在世纪家家福连锁超市，就是燕丹店对吧？对。我差不多一个小时到，我到了再给你打电话。好。再见。 	1
喂。喂，你好，我是闪送员，我现在到东门了，那项目部在什么地方？没看见。你到哪了？你不写的是有的东门？对。我在西门，东门我还真不知道。你要去西门是吗？行，行，好，没问题。你找永定河去年在公园停车场，他在停车场斜对面。停车场斜对面是吧？行，我送一下吧。就是不拐弯，进园不拐弯。好，在西门是吧？那是假门，桥底下桥洞子。行，我看找不找的着，再给你打电话，就挂了。行，打扰您了。	1
你好，是发海国际5号楼二大乐，对吧？对。行，我马上过去。	1
喂，你好，我是您的闪送专员。我到了北京丽君酒店门口。我给你发个电话，你给他打。啊？我给你发个电话你送给他。您发吧，麻烦你。 	0
1、喂，2、喂你好闪送我现在到这北方大厦，1、诶，好嘞好嘞，你再往北走一点北一门这，2、北一门是吧，1、对，北一门不是有个小面包车停着么，2、啊啊，我看一下哈	1
喂。喂，你好，我闪送。你到了吗？已经到你楼下了。到时候让你等我五六分钟。好勒。 	1
喂。喂，你好，我是闪送，现在我到你门口了。在三楼了。三楼？恩， 行。	1
你好，我闪送。我现在拿你东西往那送，我估计在九点左右到那，有人吗？九点左右？行吗？可以，九点，什么东西？我这好像是限制什么手套。好勒，可以，九点。九点左右。好。 	0
你好，闪送，给您送东西的，我现在到村委会这了，然后您在哪？村委会就是你从进村，进村委会方向一直走，然后走到头往右一拐就是了。就说我刚才是从村口进来的，进来一直走，然后走到头是吗？你左边不是村委会吗？然后你就一直往前走，然后过了一个小十字路口，一直往前走，往前走就没路了，然后他就是往右拐弯，你拐过来我就能看到。好，也就是我现在，我现在右手边是村委会，然后我就一直往前走，一直就是我车头方向往前。对，走到你走你会看到监狱的看守所的后墙，就在墙外。 好嘞，我现在马上过来。好。	1
喂，我是闪送，给你送东西的，我到红木第一城了。然后对面有个胡同，你看见了吗？另外一条路。对面有胡同，是不是边上有一个公园之类的。对，两边都是公园，对，两边都是公园，中间有一条路，然后一进去。有两胡同，一个挨着红木第一城有一个，再往前面走，还有一条路，是哪边？红木家具中间那个门，对面那条路，他中间那个门应该是有卖什么飞机票的，有一个，看见了吗？往东走一个胡同是吧？行，我看见了。有卖火车票、飞机票的，对着那个，一直往里走大概多远？你一直往里走，里边有一个超市，看见那个超市之后，你把那东西超市，跟老板说一声。大概往里走多远？ 没多远，10米20米你能看到一个超市，叫华山庄是吧？华联超市，我在华联超市那是吧？对，你把东西扔华联超市里就行了，你跟他说待会一会有人取。我看看这华联超市，这是有个超市，这写叫什么超市？对，看见那华联超市，怎么着？把东西放在那里边。对，你把东西放里面就行了，你跟他说一会有人过来拿就行。行，行。那你看一下手机有一个收件密码，你告诉我一下，那它就可以结束了。行，行，稍等。您好，这一个快递放您那，一会就有人来拿来行吗？	1
喂，你好。喂，您好，闪送，您地址金都杭城102号楼。103号。103号。你是送什么？它有个箱子，好像是进口什么器材。103号，然后一单元。我给你送楼上，还是到楼下给你打电话。到楼下给我打电话，送楼上来吧。103一单元。103一单元，对，你到那进不来，你就给我打电话好吧？多少号？2503二十五楼。2503。对。1单元是吧？一单元。好勒。	1
1、喂你好，2、您好我闪送的我已经到了麻烦你出来拿一下，1、好的好的谢谢，2、啊？1、知道了您稍等	0
1、喂喂喂你好，2、喂，1、喂喂喂	0
你好。您好，我这边是闪送，给你确认一下你的地址，是北京马球俱乐部北街2号一层食堂对吗？对，没错。好的，有你的物品马上送到，再见。多长时间，你看距离大概多少？ 半个小时。差不多得半个小时。行，到给我打电话。好。谢谢你。好。	1
喂，你好。你好，闪送。问一下你地址去的文化园西路麦当劳吗？对。 桥边上是不是？地铁站对面？知道了，好的，哪个地方是文化园西路地铁站？对，林肯公园。好的，知道，大概25分钟送到。	1
喂，你好。喂，你好，我闪送。你现在到了是吗？我到那4号楼，你这找不着你们101。就是河边这门上写着4-101。河边上？对，不要进小区。我都进了小区了。您得出来，我们在河边站，我们不在小区里面。你在河边咋让我出去？咋绕出去？4号楼你我们现在4号楼的侧边，就是在后边，但是不用进小区里面走。行。	1
你好。你好。先生，打扰了，闪送给您送身份证的。您是北京城建琨廷北区。北区，对。窦店镇于瓦北路17号那边是吧？对，您知道吗？我给你确认一下地址，最后导航过去。昆庭北区19号楼，您搜坤庭北区应该就能搜得到，然后19号楼。行。您从哪过来我先问一下。北四环那边。您从北四环过来。对。那好远。对，50多公里了，找到再给你电话吧，先生。好的，拜拜，您慢点。	1
喂。你好，我是你的闪送专员，很高兴为你服务。什么意思。我已经取完件了，完了过去。您已经取完件了是吗？你已经取完件了是吗？对，我取完了。对，你就送到我们那里，D座104就行了。咱那货有点超重，让我跟你说。超重超了多少？最低10公斤，我们下单是50公斤。那要交多少钱？ 拿十块钱吧，我不让你多，加10块钱行了。好吧，你过来，我给你。行，马上出发，到了我再联系你！	0
喂，你好。喂，你好，我到门口了。您到门口了？您是？我是闪送，对不起，我是闪送？您在哪个门口？就是一拍即合这边东门。您这样吧。您说。您就进来就行。啊？您进来就行。进去，好的，谢谢。 	1
2、诶您好，喂，1、喂，您好，2、诶你好我闪送的，我已经到这个潇湘竹了，就是从小区里进去还是，1、对，就是那个其第二个地方进来方便点，2、我现在在马路边，我看他们从这里进去的，1、往右拐，从第二个大厅进来方便一点，2、你们店里，你们店里好像有人了，你是不是在大厅里打电话了，1、你不是送货的，你电话打进来了，2、我好像看到你了，1、哪哪哪	1
喂。喂，你是店铺的还是猫严酷的？打小票电话。啊？打小票电话。小票电话？对，转接号，走的时候不跟你讲了吗？哎呦，我那个可能不见了。你不见电话怎么弄？你不见啦？小票号上面。在小票上，转接号，走的时候还跟你讲，不见了。哎呦，小票不在了，你给我说一下。送到哪呢？送什么原理？4号。挂掉了：您好，请不要挂机，您拨叫的用户正在通话。你送到哪呢？送什么原理？4号，4号楼的。平原里，是平安里吗？你是闪送是不是？对。等等。你帮我发在手机来好吗？什么？帮我发在发到手机来，容下太长。这是转接号，我怎么给你发信息？ 你发在我手机。你送到华源一里的是不是？华源一里，对，对，对。记一下电话，185。你是找不到吗？是没人？我来这里找到了，但是这里都没人了，老是敲门，这里都没人进出的，他也没有门牌号，这里全部都没有门牌号，所以都不知道是哪一个。185，记，185。我怎么记？你怎么记我能知道吗？小票给你弄丢了。185。0019。0019。4874。4874。转接号转3818。转3818，好的。对。	0
喂，你好。你好，咱22楼是不是没有楼号。就是那个小区对面有个小卖店，小卖店在那楼就是20号楼。挨着19号楼了吗？师傅我问一下，这是20号楼吗？好的。	1
1、喂，2、喂您好，1、您好，2、我闪送的，1、啊，您到哪了，2、我现在从桥洞下边出来了，1、那个你是从凤凰里路还是从车里的过来的呀，2、我是从那个什么村过来的，那个不是过来，1、韩立村是吧，2、诶，对，1、你现在是走到，朝南走的还是朝北走的呢，2、朝西啊，1、朝西走的啊，2、对，1、过了桥那，你看到啥了现在，2、在前面就是，有个有一个西山公墓，1、过了桥洞左转，2、左转，这条路吧，1、往南走，2、往南走是吧，1、对往南走大概20来米吧，你看到那个右手边有那个北京上京队也生物处理厂的牌子，2、哦，好的好的，1、到那右转进来就行了，2、行好的好的，1、嗯，好嘞	1
1、喂，2、喂您好您是闪送到了，我在东华门这，1、你在铁栅栏门这外面么，2、对对对，这个就是在外面这个道铁栅栏这呢，1、学校？2、道，马路，1、马路那是吧，2、嗯嗯嗯，你在哪呢，1、你是在红绿灯，是在红绿灯么，2、对对对，我在红绿灯这头，1、行我过来，2、昂行行行	1
喂，你好。你好，是闪送吗？对。我们看您地理位置就不动，您什么时候到到，我三里屯这边。他一直往上走，因为你看到的跟实际有时候它不一样，其实我一个劲往上跑的，现在都过了达连坡了。您稍微快点，因为我这边着急，稍微快一点。 八点左右就到了，八点多一点点。行。今天有点路滑。好， 拜拜。 	1
喂，你好。你好。我闪送，我到大商店门口了。你下到第一层，我在第一场电梯口等你。这是第一层？对，第一，你就问一下，因为你那层你大堂门口应该属于二层，你得下一层，再下一层才叫第一。好吧？我在第一的电梯口那等你。好。	1
喂。你好，我闪送的，这是几个铁锹，7个应该是，铁锹给你送过去，铁锹，就那个道具。他留的地址是中国农业大学东校区报告厅。地址没错吧？你好，你好，你好，是农业大学中校区报告厅的地址，没错吧？你好。你好。我说留的地址有没有错？农业大学东校区报告厅，这个地址没错吧？对。行，行，我现在就往那边走，我到那以后给你打电话。是谁给你叫的车。谁叫的？他计件儿写的安桂明。他叫的车啊？我是闪送快递，就是从这边拿回去，这个东西直接给你送过去。寄得这个东西，这七个道具铁锹道具，应该是。行，我到那以后给你打电话。你还得多长时间到？我从这儿刚取完东西，我到那两小时，两个小时左右。行。我到那以后给你打电话。好，好，好。再见。	1
喂。喂，您好，我是闪送，刚才接了你的一个快件，798艺术区，715地区是吧？设计广场。好了，我大概40分钟左右到您那好了。好。好的，拜拜。	1
你好。你好，闪送，我现在到你中中的门口了。你给他文稿。我给他，然后你把密码，收接密码告诉我一下，好吧？没有。有，在短信里头。215461，215461。215461对吧？对。 好的，再见。	0
1、喂，2、喂你好，1、怎么了，2、昂，您好闪送给你送东西的，1、昂，到哪了，2、我现在一楼总服务台，不让下，下不去，1、那我这块也上不去啊，2、那怎么办，搁哪，1、你搁哪，你等一会吧，再等10多分钟不就好了么，2、得等20多分钟半小时呢，现在才九点38，1、唉，哎呀我的妈，那你闪送个啥，2、闪送这个料窗吧应该是，1、哦哦，那你在你在4楼么那你从地铁口那进，2、地铁口？1、对，你从1楼出来，走地铁口，2、走哪个口下去，1、你从一楼门出去，右手边就是地铁口，肯地基旁边就是，2、哦，嗯好嘞	1
1、喂，2、喂您好闪送到门口了，进不去，1、进来吧，2、不叫我进来啊，1、你从首马，首马体验店进来，2、不叫我进来啊，1、首马先生不让你进么，2、对，河马，河马里面，前台，我问了不叫进，1、你在哪呢，2、我在门口呢，1、哪个门口啊，2、就这一个门口啊，1、哦，行，哦，到正门了是不，2、河马，1、再等一下啊，我出来，2、诶好	1
1、喂，2、喂您好，闪送，您是2号楼几单元，1、3单元，2、3单元是吧，1、是，3单元9层，2、诶好嘞好嘞，1、再见	1
你好，闪送，你把这个码给我。好。你看一下。413557。413557，好勒，再见。	0
喂你好喂你好，闪送，我到东一门了好，我下去好	1
喂。你好，我是送酒的，我已经到这3号楼了。这3号楼六单元。3号楼六单元还有吗？202，好的。好的，辛苦。没事。	1
1、喂，2，喂你好我闪送，我现在到北京亚太中心这门口了，1、行，你等着吧，我这就出去，2、嗯，新扬北路1号122号楼旁边这，1、诶，好嘞，2、嗯	1
1、喂，2、喂您好，我闪送，1、诶，您好，2、我现在在这个1936这块，怎么，1904在哪一块啊，1、你反方向走，你现在是往西边走，往东边走，2、往东边走，到了202啊，1、不是，你不是在19那个，那个小路，你不要到大路上去，2、你就说1936，你知道1936在哪是吧，1、我知道1936，1936应该是在就是那个停车场进来那块，对吧，2、对对对，1、诶，你就在那个小路，往东边走，懂么，2、往东边走，1、诶，2、东边，1、我给你，往右手，我给你，2、往东边，1、哈哈，2、现在太阳在东边是吧，1、对对对，现在太阳在东边，我给你开门，2、1939了啊，1、我看见你了，2、看见我了？1、昂，应该是，2、昂，	1
喂，你好，闪送，那个您是在三楼吗？三层是吧？ 好。这是吧。恩。 	1
诶，你好。你好，我闪送的，您香河园一号院是哪个？万方桥还是哪？万国城南区。万国城南区是吧？对。行，行，好，好。给我送到301，我在301。行，好，好。	1
1、喂你好，2、您好你这个店是在商场三楼是么，1、一楼，2、一楼，1、对一楼挨着工商银行旁边，2、哦工商银行我看见了我马上下电梯我看见了，1、您到了放到前台那就好了，2、哦行行行好嘞	1
喂。喂，您好，我是闪送来给你送饭，你在二楼是吧？你在哪呢？我就在底下一层地，电梯这、行，等一下我下去。你下来，我找不到地，找不到楼梯。 	1
喂。大哥，帮你闪送你的身份证送过来了。谁的身份证，啥的是吧？我不知道是谁的，留了你的电话。你稍等一会儿来，我等下就过去啊。你得多长时间，我下边还有活，大哥，你得多长时间？我吃完饭都过去。不是，你多长时间。我外边得吃饭，得半个小时东西。你得半个小时啊？我下边还有活，关键是，大哥。你快点行吧？不然的话你就送到你咋来了？开车？我们骑电动车。骑电动车送到对面，你找找莜面村门口，我打电话。对面有没有你看见没有，往那一边人都看见了，正在装修，给他打架子。有面食。你往北面这就看见了，红莲大厦，你看到。我没看见。你看见进站口了没？就是在进站口这了。进站口往北面看，你不看见吗？那边是高速是吧？往北一点点看着那红荔园大厦，往前走。看着一个首发大厦。首发大厦，你往南看，你往下面看，反过来看。反过来看没看见，你就说你在莜面村上是吧？对，我到莜面村村口那。你到莜面村给我打电话，我过去拿。好勒。 	1
1、你好，2、你好，我是闪送，我在万通金融中心，1、对，万通，2层，2、几层，1、2层，2、2层，马上上2层，好的好的，	1
喂，您好。你好，闪送，这就往那边送过去。好的。到了给你打电话。好的，谢谢。	0
喂，你好，我闪送，我问你一下，你那个鲜花碳板能放下吗？礼盒。是礼盒的是吧？一个小盒。行，行，好，我现在过去大概十来分钟到，你是在市场里面还是在外面？门口。啊？门口那块，你到了给我打电话。行，好嘞，好。 	1
喂。你好，我是您的闪送专员张方圆，您是在大郊亭北街16号院2号楼一单元2502室是吧？对，你到了？没有，我估计十多分钟到你那，您稍等。好。好嘞。你到了按那个门禁，我就给你开门就行了。好的，再见。	1
喂，你好。您好，我到了那个北京市第八中学附小的。往右十米，有一公共厕所，您给我上那来。在哪儿？往西一点。好，好勒，你出来吧。我出去接你，好，拜拜。	0
1.喂你好，2.为你好，我是你的闪送员专员王海新，十点十分坑太南路肯德基是吧，1.阳光大厦那的肯德基，2.好我知道了，1.您直接去前台去取就行，你就说拿面包就行，我在会议店等着您的呢，你直接送到前台就行，2。好，1.再见，2.再见	1
喂，你好，我是闪送。你好。是百货大楼吧？对。我到那大约20分钟左右就到了。那么长时间？我看的一点几公里，咱1.3公里。不行，着急。我尽量的快去。不行，那也不行，你这20分钟太长了。十五、六分钟，我现在走着我。时间太长了，那特着急。十来分钟不行吗？行，行，你抓紧吧。啊？你抓紧。抓紧抓紧，好勒。您时间太长了，实在不行我换一个单。	1
喂，你好。你好，我是预约的闪送，是您接的单是吧？没错。好，到时候您提前给我打个电话，快到的时候好吧？ 行，没问题，提前就是15分钟、10分钟。提前5分钟就行，因为我可能不看手机，你给我打电话就行了。五分钟可不行，五分钟去那都超时了。什么？ 我说提前十分钟到，十分钟给你打电话， 我提前几分钟能到，但是你要是五分钟，我怕到你那超时了，除非你给我密码，把取件码给我。没事，那你就给我打电话。知道了，好了。	0
喂，你好。是闪送是吗？对，我这样导航，我从我这个地方到你可能多3公里，将近5.9公里，5.9公里，你是不是在难搞那块？难搞里面叫什么艺术处理吗？南宁蓝路那块。你就搜背景网球俱乐部。背景网球，就是那块，现在就从五环桥的那上面过来，从九元桥北路过五环桥是吧？过完桥就在不往再北边走，直接从那斜着到那，进来到你们叫环铁桥里面是吧？ 对。可能那个地址我去的少，反正我走过，我去的少。你搜一下背景网球俱乐部。现在就是背景网球俱乐部。什么？这个地址定位的曲线，那个地址就是背景网球俱乐部。你去找、你去找，你导航就行了。我是有，我有系统都有导航，我们跟，我每次都基本上现在没问题，你在北京跑你导航就完了，有地址。行。得多久。估计得一刻钟，差不多一刻钟，一刻多钟，你得有六公里了。快点。一刻多钟。好，再见。	1
喂。喂，你好，我是闪送，天津的，大概15分钟左右到您这，核实一下地址。就是鼓楼桥旁边工商银行是吧？我不是在那，我写了一个电话号码，你没收到吗？我看一下。我写的是司机师傅，你给那个号打电话，151的。不，您弄得是寄件人，他写的是。对，但是我姓名留的是他的，因为我只是叫的闪送，这样吧，我把他的号码发到你这个手机上行吗？ 您发个短信发过来，我再跟他联系，然后再说其他的，他就那银行门口是吧？ 对，他是一个司机。您先您发个短信，把他的电话号码给我发过来吧。好了，我现在就发，稍等，拜拜。好，拜拜。	1
您好，那个闪送。那个取件人您还有多长时间到？我到你楼下了，马上上楼、上电梯。好。好。 	0
你好。你好，我闪送专员。您到了是吗？没有，你的预约不是9:50吗？你早点来也行。好的，行，我到了给你打电话。行，行，越早越好。我怕你们赶不来，所以我就写了一个晚一点的时间，早点行。好的，是文件是吗？ 啊？文件。就两张票。	1
2.喂你好，1.先生你好，我是哪个预约的闪送，是您接的单是吧，2.没错，1.好，到时候，你提前给我打个电话，快到的时间，好吧，2.行没问题，提前十分钟，还是十五分钟，1.提前五分钟就行，因为我可能不看手机，你给打电话就行了，2.五分钟可不行，去哪都超时了，1.额，你说什么，2.提前十五分钟，我提前几分钟能到，你要是说五分钟，我到你那超时了，除非你把取件码给我行，1.那没事，你就给我打电话吧，2.好嘞，知道了，1.嗯	0
喂，你闪送是吧？对。你到哪了，我在北西家街山城这里边。我马上就到了，我到物美超市十字路口这里。我在北西家街山城里边。怎么了？ 我说我在北西家街山城里边，你听到吗？稍等一下。这包装怎么这样，这么刺？好了，刚骑摩托车，你怎么了？我说我在北西家街山城里边。我知道，我跟你导航进来，然后家具，到家具城那一块，我再给你打电话好吗？现在这里边，不在西湖心脏，在街山城里边。我可能进来之后，具体门店找不到我，到时候给你打电话，我先进了。 你赶紧的。 	1
喂。你好，你高碑店东区啥也没写，你把短信给我发过来，他这写个高碑店东区，我不知道上哪找你去。知名酒业。都没写，都没有，就写高碑店东区。高碑店东区知名酒业不是写了吗？没写，您给我发短信给我发过来吧。行，行，好的。谢谢您。	1
喂。喂，你们卖猫粮是不是？对，猫粮卖。猫粮开门。	0
喂，你好。你好，我闪送，五分钟左右赶到，请稍等。好，好。再见。	0
2.喂你好，我是你的闪送专员，我是张继涛，喂你好，喂你好，1.你好，能听见吗，2.我是你的闪送专员，张继涛，1.你好，2.你好，1.您说，2.我看是那个烧烤店是吧，我看那地址是，1.首都机场的烧烤店，2.嗯，1.好，不能耽误时间，两点，在五点之前到就行，2.好，待会，我过会去取，1.现在不去，你到下午来取，2.预约的吗，我没看到，1.对，预约的预约的，2.那没事，1.五点送到就行，晚上吃饭，等五点等着饭吃，2.没问题没问题1.你到下午来取，上午我们这没人，2.好好，嗯	1
1.喂你好，2.诶，你好先生，您的闪送，哪个，1.回乡道九号院，只在下面，2.九号院，1.位置定在九号院，2.哎，我就要跟你确定一下九号院还是七号院，九号院是吧，1.我知道你从山上下来，就错了，2.知道了，1.好，2嗯	1
喂，你好。您好。我闪送那个，你是A座还是B座。A座17层。	0
你好。您好，您这什么时候能到？您是在和世界花园哪个位置？您什么能到，到了我给您拿一下。我大概十分钟左右好吧？行，您尽快好吧？好的。行， 再见。 	1
喂。喂，你好，我闪送，我现在到楼下这了，您这个是601就行吗？不用，我下去。您下来？对，您在楼下等着吧，我马上下来。好嘞。	1
男：喂，你好，喂，能听见吗？喂，你好。	0
喂，您好。你好，师傅您到哪了？你是欣和苑是吧？对，我现在在山西这边，快到了。好勒，好勒。好，好，再见，再见。 	1
喂。喂，你好，闪送，我现在到失主，你在哪呢？就在南门。啊？南门。哪个暗门。南门。南门？对。就是朝阳路的北侧？就那个什么。你是电视啥？啊？你是电你是啥？你说清我好找你。电。什么电？电话七。怎么贴？已经发期。樱花季，你说了不完了。	1
这个是你这样开的一个，喂？喂？你到哪了？（00：17太嘈杂听不清）。天文通达才干里头？（00：25太嘈杂听不清）。阳光和仓库。（00：28太嘈杂听不清）对吗？就在天峰村达到才干月里头。（00：30太嘈杂听不清）。定位没错。那好的。	1
喂，您好。喂，你到哪了？我到三层了，因为电梯没开，我跟滚梯走上来的。现在在我看见您了，看见您了。	1
你好。你到了没有？我到了，我正琢磨着进院了。一号楼二单元1301。一号楼？不是。我写的就是一号楼啊。写着2号楼。我是2-1301。行，行，好的。一号楼二单元1301。好的。	1
1.喂你好，2.喂你好，闪送的，混甲是吧，1.对，2.我大概十来分钟到，好吧是哪个烟酒件吗，1.对对，你尽量快点吧，2.好的，行行行，1.他这个送的我标的位置，大概多长时间，2.我看一下位置，送到那个位置，还有点远，我看一下啊，是在哪个那1.一个半小时差不多吧，2.一个半小时差不多，得看堵不堵车，不堵车就没事，1.那没事没事，差个十来分钟没事，2.好，1.哎好，差个十来分钟没事，2.好嘞，待会见，1嗯	1
喂，你好。你好，闪送，现在去取件。现在已经到了吗？没有，我刚接，但我是准备去。好的，谢谢。 没事。	0
喂，你好，先生。你到了吗？15区8号楼康小区是吧？三单元。对，你到了？好，204。	1
喂，你好。喂，您好，我闪送，问一下你的卡王保险广场几楼？麦当劳。啊？麦当劳？麦当劳。好的，我知道了。 	0
你好。你好，我闪送，请问您那个是在客房里边吗？8313。你到这啦？对，我到了。行，我马上回去，是在客房里。行行，我在门口等您一下。好，我给他拿个东西，一会就过来， 好。	1
喂，您好。您好，您这闪送是吧？对。我跟您说一下，送这东西，他得有一个细细的一个轨道，比1米6长，然后你粘着你这车的行吧？ 拿个胶带粘一下。可以，有多长？1米6，他很小，但是说不能卷。我那也太长了，可能沾不了。你跟你那车上粘一下不行吗？反正我怕到时候不好沾，那车子。我看你那车身上挺长的，他1米六。因为我的车是小的，我车不是大的。要不你试试，也不太着急，你别太快了。那可以。那可以中午能到就行。好的。现在才七点，你就到时候八点，你中午能到好几个小时，好，谢谢，好，拜拜！	0
你好，我是闪送的，到了国民一号这了。你从D馆有个叫商务楼入口，从那进来上五层，在通过另外电梯下到三层，我给你备好。从五层再上去，人家保安不让上去，就让您送下来，您送下来行吗？我给你送去。行，好，好。 	1
喂，您好。喂，闪送马上过来取件，大约十来分钟到。你今天直接上楼上就行，20301。好，行。10号楼，10号楼二单位，20301。好。	1
喂。你好，闪送。你好。是半壁店要不先文化产业园。对，你开进来。我看地图上没有地区，只有abc。您走到最里面，然后在C601的旁边有个D101，你看见了？C601旁边。对，有个D101。好拿吗东西？好拿好拿。好，行，我走进去，车不让进等。好好。	0
闪送员：你好，我感动的，我现在已经到客运站这里了。完了您到提货处，您一进他那个客运站那个汽车收费杆，往里走大概50米，左手边有两个大玻璃门，从那条进去，那个叫提货处。闪送员：你叫我去哪里？一进车站提货处。闪送员：提货处是吧？ 对，提货处，您问人家那一下，问一下，他们都知道。闪送员：我知道那个地方，我去过那边。您跟他说沈阳的车，完了，梅冬晨。闪送员：噢，沈阳的车，叫什么？梅冬晨。闪送员：梅冬晨是吧？对，完了一会您帮我交十块钱，然后我再给您。闪送员：行吧，好嘞，你稍等，我现在过去。谢谢。闪送员：没事。	1
2.喂，1.喂你好，2.我是那闪送的，你周..发的单子是吧，1.对，2.我到了，你在五号楼几单元，1.你在一单元，楼下等一下，我给你拿下去，2.好，那你下来吧，我已经到了	1
1.喂，你好，2.喂你好，我是你的闪送专员，我姓王，我大概十多分钟能到，1.能到我寄的那地是吧，就是2.不是，我十多分钟，能到，对对，你记得地方，1.行行行，你尽快吧，2.行行行，马上1.诶，2诶	0
喂，你好，我是你的闪送专员，我现在就过来取件，我按你的导航指定位置过来，我到时再给你打电话。你就到了是吧？没有，我到了再给你打电话好吧？好的。好，再见！ 	1
喂，您好。你好，我是双桥家园的用户，您大约还有多久到？我现在马上出发，我现在刚起来，现在马上出发，估计再十几分钟。行，好勒，到时候您就给我打电话。好。	1
喂。喂，你好，我是闪送，你在哪？我在这大门口。你现在在门口啊？对。好，我马上就出去。你出来一下，我就送到了。好。好的。 	0
2.喂你好，1.喂，师傅你在哪呢，2.我现在那个到戏曲学院门口啦，1.戏曲学院，您2.什么学院，1.音乐学院，您在哪呢，2.嗯，音乐学院，他不是有鼓，一个鼓屋是吧，1.什么呀，什么呀，你在那个门2.是你吗是你吗，我开车，1.嗨	1
1.喂，2.喂你好，1.哎你好，闪送是吧，2.啊，对对对对对对，1.啊我跟您说一下，他送这个机器吧，他有个轨道，一米六长，带到你车上行吧，拿胶带粘一下，2.啊，可以，有多长啊 ，1.一米六，他很小，不能卷，2.他太长了，加不了，1.你放在你车上，粘一下不行吗，2.我怕到时候不好开，1.不好开，你那车身就挺长的啊，一米六，2.因为我的车小着呢，1.要不你试试呢，也不太着急，你别太快了，中午能到就行，2.好嘞好嘞，1.现在才七点，然后八点，中午能到，好几个小时呢，2.好好好，1.谢谢谢谢	0
喂。喂，你好，闪送，您那个是二楼二层那块是吧？还有2211是吗？我现在就在大门口，你到了吗？行，马上到了，东山这边，往那边走你快点，我就大门口。好。我现在是市场大门口等你。行，好嘞。好吧，五金城三个字那里。好嘞，再见。门口。	1
1.喂，2.哎，1.你是从银河边那边过来的吗，2.对呀，我从河边过来的，1.从河边过来，过了买食材的往里走，我就在这街上辅路上呢，2.知道了，1.好嘞好嘞	1
喂，你好，我闪送，你多少号？板材区26号，东区。东区26号？对。好勒。	0
喂，你好。你好，我闪送，您是小区多少号楼？15号楼。几单元几零几？二单元221。二单元221，好勒。好，一会就到，15号楼。	1
喂。女士你好，我是您的闪送专员，很高兴为你服务。你这是一楼大厅里边是吧？对，大厅一楼601，我付了，我还没拿过来，要等一会。 我几分钟就到 。	0
1.喂，2哎，你好闪送，1.你好，2.你好你好，我在哪个宿友门口呢，你那还锁着门呢，1.那个门...有个侧门，旁边还有个们，2.对呀，都锁着们呢，1.上面 有贴一张纸，旁边还有个们，2.我知道，两个门，都锁着呢，1.这边一个锁着一个没锁，2.好	0
1.喂你好，2.喂你好，我闪送，刚才抢单的时候，没注意看，你下面写个冷藏是吧，1.对2.我管有个箱子，没有冷藏，麻烦你取消订单好吧，1.也行，有个箱子也行，一个小时就能到嘛，2.就有一个箱子，没有冷藏，可以吗，可以的，我就过去，1.行没问题，一个小时没问题，2.那好的，1.谢谢	0
喂。喂，你好，闪送，我到了您这一号楼这了，几层？二层，207。好勒，我马上去。 行	0
喂，你好。喂，闪送，然后您具体地址是？我就在南门等您。那行，您稍等，我这边过来。好。	1
喂。喂。你好。你好，我接了你这个快递，但是我在五棵松，那我去可以在20分钟左右。那不行。太慢了是吧？对，我也得着急给病人送饭。我这骑摩托车也快，一会就到了。那不行，你从我这到307多长时间？也得20多分钟，我基本上离这，就因为我在中间了，现在。你确保半个小时能到？差不多，应该没问题。可以，那就可以。您稍等等我一会，马上就到。尽量快点。好勒。	1
1.喂你好，2.喂你好，1.啊你好，2.闪送，1.啊你到哪了，到家门口没有，2.我，到哪啊，1.加加广告门口2.我到佳佳广告这了，1.好，你往里走，2.哎哎	1
2.喂，我那个闪送，你金坛万家哪里啊，1.你进这个..，中间道，你看到桑塔纳502就停了，2.哪个区1.你就直接从大门往里走，中间大道，你看路边有个502，2.哦我知道了，C502是吧，好嘞好嘞，1.就在那停	1
喂，你好。你好，打扰了，那个闪送没发件是吧？高级杯里。行，我过去。好，谢谢您， 您贵姓？我免贵姓吴，我姓吴。好的，一会见。	0
喂，师傅。喂，你好，我那短信，对，我现在到店了。那您就帮我买一下，然后我告诉您取件码，到时候您过来时候把钱转给您。哦，行行行。然后您稍等，我把取件码给您570228。您再说一遍。570288。570288，取件码不错。恩，谢谢。	0
喂。喂，你好，我闪送的，你有个生活用品要送是吧？这个有多大？我看看我百度的箱子能装下吗？没多大。那行。铁锹。铁锹，行，我现在就过去，几个？一个。七个，假的。 假的？不是真的。行，那行，好。 	0
喂。喂，我闪送，你地泵西库房是那块？蔬菜大棚西门你知道吗？蔬菜大棚西门我知道。就在西门斜对面，这排，过街对面这排房子，这就叫地泵，就相当于说从地泵那，地泵你知道吧，从地泵一直往北，走到了西门，这就斜对面的。好。走了。	0
喂，你好，闪送大概还要多久过来？我也就是十分钟左右。确定十分钟能到吗？我已经等了十多分钟了。没事，差不多。确定是吧？你要过不来，我会取消的，着急走。行，我一定能过来。 	0
2.喂你好，1.喂，2.我闪送，我到了您说的军事基地往北一百米，有个银龙农机，1.你在路口等我一下，我给你拿下来2.好的好的，1.好	1
1.哎，2.喂我闪送，我到了山庄水口，1.哪个，2.清蒸四口，1.清蒸司门口，一出门走左手边第一家，2.商店是吧，1.不是商店，...看到了吗2.我现在在清真寺门口呢，往西走一下吧	1
喂，您好，我闪送的，我刚才接你订单了，你是在那一景园顺丰是吧？黄山林校路那个是吗？对，你准备吧，我几分钟就到，我现在往前走着。你我还不知道他们有没有卸车，那件在车上下来才能拿走。得多长时间呢？你稍等我看一下，因为我没在那边，因为那件客户着急，我就下了个闪送，下车拿着就送过去。行，你跟他说一下，准备一下子，我三、两分钟就到了，我现在就到我到精神病医院了已经。我能加你微信吗？ 干什么？加你微信，要不你看什么时候找出来， 这也就没段时间能找出来。我就把单取消，然后把钱直接转给你。不是，我要走了，直接就往市里去了，路过把你把那单带走。行，好，我看一下，稍等。你问一下他们， 赶紧找一下，下雨了外边。 	1
你好。喂，你好，闪送，我记得地址是西营公交站对吧？诶。行，我到了给你打电话。你好，咱这地址我这之前是在一直有快递，是这个地址。现在的你稍微往前走一点，你知道这个是属于政府这块，西营村这块，西营村村委会这。行：我到西营村委会给你打电话，行吧？好嘞，谢谢。	1
喂，你好。你好。你到了没有？马上要因为庄桥了。师傅跟你商量个事。南玉鹏是吧？对，师傅跟你商量个事情。好嘞。不是，我跟你商量个事，你等会能不能拐一下今生，我说你等会拐一下今生市场，然后我给你加点钱，这个市场还有一个有意思甲鱼。我没听明白，一会到了再说好吧，我骑车。好，好。好，好。 	1
1.喂，2.喂.你好，我在北门这边，您过来，送一下，他不让进，这边，1.好，我送过来，送过来好吧，2.我在北门这呢，1.好你稍微等我一下，2.好嘞	1
喂。喂，你好，闪送，给你确认一下地址，是慧忠北里222号楼对吗？对。好的，马上到。好。	1
喂，你好。你好，我刚下了班，你到哪里了？朋友。马上到，一分钟。好在八楼。8号楼是吧？12号楼八楼80	1
你抓不到。喂。你好。师傅，我在10号楼一单元201。十号楼一单元一单元201，行行行。	1
诶，你好您好，我是闪送，我说我看了一眼，您这儿写着首都机场T2号楼负一层对对对，应该是地下二层，地下二层，负一层，对，停车场这一层，六号这个门，就很多不经常都在这儿嘛那我还真是不咋清楚，我去了到那儿去看吧，是那您上面能找着吗？嗯？那上面你能找着吗？那我上去也行，不到下面可以，我上去到二层，就是送机的那一层也行我想想啊，那块儿是，我记着没有那什么，那边应该，那我记得应该是一个，让我想想啊，应该是一个，那块我还真不太熟没事，您就到那个T2航站楼，您也可以到上边，2层，就是大家离岸的那个，就是什么港澳台国际航班出出出港的这个位置，也可以到一楼，就是大家到站的那个位置，就是大家下飞机的这个位置那不是一号吗？我现在人在负一层，我现在推上去就行那行，那我在那儿等你吧，我在哪儿我都能等你您能找着是吧，能找着你就在一层，一层那个门，很多，很多快递都在这个门哦，你说你说，那个，你是在一层还是在负一层啊？负一层，负一层，就上面有停车场这一层你最好别在停车场这一层，停车场的话，我到时候找的特别费劲那我就上去，我到一层，行吧你，你就到一层就行了一层，咱们定几号门，你说六号还是七号八号一层有六号吗?一层没有六号吧一层，反正我就出去吧，您就到了那儿您给我打电话，我就在那外边就行了行，好嘞行吧，那我就往上走，您大概十分钟能过来吗额，差不多，十分钟差不多就到了行，没问题，那我就在上面等您好行，好，就这样，诶诶到时候您就直接，我骑摩托车到那儿，我感觉没事，直接我这么着吧，我到那儿我不，不是我跟你说，他开门那儿我不会去，但，我，我去那个，没开门那儿，我骑摩托我直接上去，停那儿，没问题吧行，就是，不进人的那个门，就是他封住的那个门，对吧，行，我到时候，到时候，您，您给我闪电话，您告诉我几号，我走两步就完了我看啊，现在我关键是不熟呢啊，不行我直接把车扔别的门那儿好，您到时候给我打电话，咱到时候就在一层见，好吧嗯，快到的时候我给您打电话，嗯，行你就往上走行，没问题好，再见好的好的，行，就这样，拜拜	1
1.喂你好，2.喂你好，你那发一闪送是吧，1.对对对，2.园丁十四号楼，1.六单元，对，2.一会就到，1.行行行	0
1.喂，2.喂，我闪送，交易大厅多少号啊，1.是闸蟹区，不是交易大厅，闸蟹区三十一号，2.闸蟹区,好嘞好嘞	0
您好。您好，我是闪送专员小吴，我要确认下您的地址，是花门工艺右警车，对吧？对。行，我马上过去。再见。 	1
2.喂你好，闪送员，1.嗯，2.刚接到您的订单，距您那三公里，大概 就是在那医院门口那吗，1.你就去医院的药房，说去取..的药，...长城的药，1.嗯行，行行行，我到哪给您打电话吧，好嘞，1.嗯，2行，再见	1
1.喂，2.喂闪送的，您的佳林物业紫金在那块啊，1.什么，2.你那地址在哪快啊，我现在到北京通顺新桥这块了，1.对，你一直往里头看，2.诶，好嘞，1.外面的车，看到我在打电话了吗，2.额看见了，在路边是吗，1.对对对，来了	1
喂。喂：你好，我想确认一下你的地址，我小树苗。（在说地址 太小声 听不清 00：06）好，你保持电话畅通，我到了我打电话你。好，你大概多久到？好。	1
喂。你好，我是闪送人，你发闪送了是吧？是。行，行。我给你打个电话，等一下到了。那好吧。	0
男：喂？喂？喂？喂？	0
喂。喂，你好，我是闪送。我问你那地址在哪块啊？你说我家的地址？恩。三区7号楼一单元901。三区没有7号楼。可以问一下保安。901高层。901九层。是哪个那人家园里边7号楼？百度一下，定位，手机定位，问一下保安。我是就是草桥欣园三区，我现在就三区。你问7号楼在哪， 问你旁边的。 你好，问一下7号楼的。	1
喂，你好。我在丰盛生鲜超市这。你到正门，是正门吗？旁边有影视器材，上面写这。没看到影视，就是看着照相复印什么的。我在小区外面，联盟内幕饭店在街上。我看见了。	1
喂，您好。恩。我是您闪送专员，我现在能取件吗？呆会吧。等一会是吧？我在楼下，大概半小时左右上来行吗？好的。拜拜。 	0
2.喂你好，1.哎，师傅，2.哎你好闪送，1.你到三号那取件了是吗，2.哎，我到了s栋，保安都不知道在哪，那，那边，s栋，哪个，2901,2901室，跨步炸串公司，喂，喂，你好，1.啊，是这样，就是那个，你领完了之后，发俩地，到时候一会我再给您加钱，就是说你先送到新中关，在送到五道口，2.哦，你那是两个地是吗，1.哎对，新中关放三袋，然后五道口放三袋，然后到了我再和他们说，应该是一箱零一袋，2.这个你的多付点，1.啊，2喂，1.喂，听见了吗，2.喂，我这信号不太好，1.那先去取吧2.好，我先去取，取完给你打电话，1.好好好，2嗯	1
喂，您好。喂，师傅，你大概多久能到？我马上，我以最快速度往你那去。你现在还没过来是吧？我现在已经往那边走，刚开始、刚走。你要没过来的话，你就别来了， 取个订单，我这等着，你这还没来。马上，也就是十来、十分钟就到了。那你就快点。好的。 	0
喂。师傅你来过我们这里吗？鲜花听。没去过。新恒基地下一层。行。稍微快一点，有点着急，谢谢。好的。 	0
